Year,Total,Anti-Hispanic
2015,556,299
2014,648,299
2013,655,331
2012,742,431
2011,720,405
2010,847,534
2009,777,483
2008,894,561
2007,"1,007",595
2006,984,576
2005,944,522
2004,972,475
2003,1026,426
2002,"1,102",480
2001,"2,098",597
2000,911,557